<?xml version="1.0" encoding="utf-8"?>
<extension version="3.4" type="plugin" group="content" method="upgrade">
	<name>Shortcode</name>
	<author>Random</author>
    <creationDate>Jul 2015</creationDate>
    <copyright>Copyright LOL. All rights reserved indeed.</copyright>
    <license>http://www.gnu.org/licenses/gpl-2.0.html GPLv2 or later</license>
    <authorEmail>support@lol.com</authorEmail>
    <authorUrl>www.example.com</authorUrl>
    <version>1.0</version>
    <description>Shortcodes for Joomla</description>

	<files>
		<filename plugin="shortcode">shortcode.php</filename>
	</files>

	<media folder="media" destination="shortcode">
		<folder>css</folder>
		<filename>index.html</filename>
	</media>
</extension>
